lon,lat,COUNTRY,ISO,COUNTRYAFF,AFF_ISO
-170.7007316174498,-14.305711987770538,American Samoa,AS,United States,US
166.63800339749642,19.302045812215958,United States Minor Outlying Islands,UM,United States,US
-159.78768870952257,-21.222613253399842,Cook Islands,CK,New Zealand,NZ
-149.40041671099763,-17.674684080120677,French Polynesia,PF,France,FR
-169.86878106699083,-19.05230921680393,Niue,NU,New Zealand,NZ
-128.3149848627581,-24.366121747565458,Pitcairn,PN,United Kingdom,GB
-172.44107655740137,-13.634252953274622,Samoa,WS,Samoa,WS
-171.85265950722743,-9.195174767256544,Tokelau,TK,New Zealand,NZ
-175.20415878511247,-21.15927212823853,Tonga,TO,Tonga,TO
-178.12735555777184,-14.283442307826677,Wallis and Futuna,WF,France,FR
-88.85911489238985,13.758041517055418,El Salvador,SV,El Salvador,SV
-90.31219349119617,15.820878515352684,Guatemala,GT,Guatemala,GT
-101.55399731630118,23.87436068093592,Mexico,MX,Mexico,MX
-98.41680517868062,57.550480044655636,Canada,CA,Canada,CA
-64.53238503843076,-35.697270518120085,Argentina,AR,Argentina,AR
-58.746646363799854,-51.75901312766726,Falkland Islands,FK,United Kingdom,GB
-70.76863431739216,-37.82938283049967,Chile,CL,Chile,CL
-78.4630326109714,-1.5642721388853116,Ecuador,EC,Ecuador,EC
-74.11416196781884,-8.522717984240291,Peru,PE,Peru,PE
-64.45209597511206,-16.7312488393574,Bolivia,BO,Bolivia,BO
-54.355206608256424,-11.524630416426652,Brazil,BR,Brazil,BR
-58.38906357428651,-23.42190559259428,Paraguay,PY,Paraguay,PY
-56.01919523458085,-32.78195043831093,Uruguay,UY,Uruguay,UY
-36.77509575898928,-54.37666443862139,South Georgia and South Sandwich Islands,GS,United Kingdom,GB
-177.56451613408842,-77.16987521415838,Antarctica,AQ,Antarctica,AQ
177.98144613732626,-17.822470952336204,Fiji,FJ,Fiji,FJ
-5.717391620813109,-15.962963318340398,Saint Helena,SH,United Kingdom,GB
-63.06008343771806,18.222874004219086,Anguilla,AI,United Kingdom,GB
-61.78530823226373,17.07146759372967,Antigua and Barbuda,AG,Antigua and Barbuda,AG
-69.97564014284046,12.515625722992898,Aruba,AW,Aruba,AW
-78.07275370060313,24.72162633646784,Bahamas,BS,Bahamas,BS
-59.557383949150285,13.183219369337529,Barbados,BB,Barbados,BB
-88.68273510023441,17.24252476647155,Belize,BZ,Belize,BZ
-64.7458500599169,32.315067430740726,Bermuda,BM,United Kingdom,GB
-68.29350445958761,12.180844982440338,Bonaire,BQ,Netherlands,NL
-64.62406519257699,18.42195819619707,British Virgin Islands,VG,United Kingdom,GB
-81.25203208977878,19.311231805620288,Cayman Islands,KY,United Kingdom,GB
-72.6445066243485,4.187753877352739,Colombia,CO,Colombia,CO
-84.14673625701816,9.863467407406214,Costa Rica,CR,Costa Rica,CR
-79.69817857618705,21.476176522869448,Cuba,CU,Cuba,CU
-68.96939768599042,12.199996647939832,Curacao,CW,Netherlands,NL
-61.360471946942994,15.429269860940513,Dominica,DM,Dominica,DM
-70.43495198520012,18.77954818522993,Dominican Republic,DO,Dominican Republic,DO
-53.32232307156624,3.857429742497078,French Guiana,GF,France,FR
-61.67937937204098,12.112926656338907,Grenada,GD,Grenada,GD
-61.54382262282755,16.24420002705553,Guadeloupe,GP,France,FR
-58.91352612754667,4.68211981385056,Guyana,GY,Guyana,GY
-72.89291379842,18.883520486983567,Haiti,HT,Haiti,HT
-86.49251679006962,14.740370695750006,Honduras,HN,Honduras,HN
-77.30358894542778,18.12207889341651,Jamaica,JM,Jamaica,JM
-61.01432380875083,14.642697353597645,Martinique,MQ,France,FR
-62.18693281256255,16.735363391460357,Montserrat,MS,United Kingdom,GB
-85.016088327669,12.893566631930554,Nicaragua,NI,Nicaragua,NI
-80.14428761482796,8.439536749576892,Panama,PA,Panama,PA
-66.49425339593509,18.216224086610914,Puerto Rico,PR,United States,US
-63.23739481909494,17.632512616389718,Saba,BQ,Netherlands,NL
-62.83051610005156,17.90561691241738,Saint Barthelemy,BL,France,FR
-62.978230589445026,17.4919042294197,Saint Eustatius,BQ,Netherlands,NL
-62.74560385895787,17.314736299587768,Saint Kitts and Nevis,KN,Saint Kitts and Nevis,KN
-60.9689510935251,13.895749185129906,Saint Lucia,LC,Saint Lucia,LC
-63.06678525361946,18.078012113224464,Saint Martin,MF,France,FR
-56.32465353437558,46.95153913615198,Saint Pierre and Miquelon,PM,France,FR
-61.193766354393034,13.254808122970651,Saint Vincent and the Grenadines,VC,Saint Vincent and the Grenadines,VC
-63.06883135915303,18.03942608463078,Sint Maarten,SX,Netherlands,NL
-55.855514311561286,4.098723595920171,Suriname,SR,Suriname,SR
-61.37236579976247,10.415515638298093,Trinidad and Tobago,TT,Trinidad and Tobago,TT
-71.74058946811508,21.799865427483745,Turks and Caicos Islands,TC,United Kingdom,GB
-64.76155341409797,17.738009708772523,US Virgin Islands,VI,United States,US
-66.36492135985132,7.148324760507107,Venezuela,VE,Venezuela,VE
-1.6932816211842325,12.108709036312737,Burkina Faso,BF,Burkina Faso,BF
-23.63401005900474,15.076411518651643,Cabo Verde,CV,Cabo Verde,CV
-5.571710194917734,7.536779279421307,Côte d'Ivoire,CI,Côte d'Ivoire,CI
-15.383380385869662,13.428617959189328,Gambia,GM,Gambia,GM
-1.219233362526581,7.94530467243628,Ghana,GH,Ghana,GH
-5.345549484594358,36.14022671336082,Gibraltar,GI,United Kingdom,GB
-10.986948848040218,10.255986541378112,Guinea,GN,Guinea,GN
-14.980186756910847,11.980075324820504,Guinea-Bissau,GW,Guinea-Bissau,GW
-9.258988935497618,6.52012979398834,Liberia,LR,Liberia,LR
-4.346399841781153,17.168146208584837,Mali,ML,Mali,ML
-10.495079045035716,20.466731212820022,Mauritania,MR,Mauritania,MR
-8.817212587250811,28.687598134979325,Morocco,MA,Morocco,MA
-7.933662183874006,39.67529214702138,Portugal,PT,Portugal,PT
-14.610875368352305,14.228861491763402,Senegal,SN,Senegal,SN
-11.78656695731115,8.561330384750587,Sierra Leone,SL,Sierra Leone,SL
-42.07567788066985,74.16847218965994,Greenland,GL,Denmark,DK
-2.576392582891568,49.45870771378872,Guernsey,GG,United Kingdom,GB
-8.241128545554096,53.30489539816495,Ireland,IE,Ireland,IE
-4.532995055468449,54.22855301008011,Isle of Man,IM,United Kingdom,GB
-2.1291601162653575,49.215396925724306,Jersey,JE,United Kingdom,GB
-2.852943909329258,53.97844735080214,United Kingdom,GB,United Kingdom,GB
-19.05682967106099,65.12360920205514,Iceland,IS,Iceland,IS
-6.9811060913122835,62.130896281495346,Faroe Islands,FO,Denmark,DK
16.036378851505283,78.57318936469626,Svalbard,SJ,Norway,NO
3.411969465057627,-54.42316679395248,Bouvet Island,BV,Norway,NO
170.69035541428696,-43.82765432544426,New Zealand,NZ,New Zealand,NZ
17.651768783079,-12.167424062667942,Angola,AO,Angola,AO
23.85779956995608,-22.236609002062902,Botswana,BW,Botswana,BW
29.88518227845293,-3.261251993278643,Burundi,BI,Burundi,BI
43.34826587429403,-11.658861474508491,Comoros,KM,Comoros,KM
14.879732849491393,-0.7294391595233845,Congo,CG,Congo,CG
23.419827574282188,-3.338629596207896,Congo DRC,CD,Congo DRC,CD
11.839410898545754,-0.628448459921234,Gabon,GA,Gabon,GA
37.95309411262371,0.6899182318376179,Kenya,KE,Kenya,KE
28.24475317864227,-29.60168116924817,Lesotho,LS,Lesotho,LS
34.23441182298881,-13.128986464184024,Malawi,MW,Malawi,MW
42.74374761089645,-17.06449193630804,Juan De Nova Island,TF,France,FR
35.208577031290176,-17.525230309488748,Mozambique,MZ,Mozambique,MZ
18.16451345845268,-21.90858163281473,Namibia,NA,Namibia,NA
29.919439681764082,-2.014687460047154,Rwanda,RW,Rwanda,RW
6.606158796857607,0.22744704294793774,Sao Tome and Principe,ST,Sao Tome and Principe,ST
24.75252746489084,-28.55361930679731,South Africa,ZA,South Africa,ZA
31.510685746082007,-26.562540935608702,Eswatini,SZ,Eswatini,SZ
34.81832206060381,-6.355794440041147,Tanzania,TZ,Tanzania,TZ
27.75521363430896,-13.162832953186246,Zambia,ZM,Zambia,ZM
29.717829640720844,-18.92700121981475,Zimbabwe,ZW,Zimbabwe,ZW
72.43501618476016,-7.323548444385743,British Indian Ocean Territory,IO,United Kingdom,GB
69.54686984724839,-49.26329687105643,French Southern Territories,TF,France,FR
73.49298560844045,-53.084170035513736,Heard Island and McDonald Islands,HM,Australia,AU
46.68493466832544,-19.04163612493041,Madagascar,MG,Madagascar,MG
57.56415671066546,-20.28142317475198,Mauritius,MU,Mauritius,MU
45.128142327031064,-12.824468416301052,Mayotte,YT,France,FR
47.290948081543384,-11.566224871643417,Glorioso Islands,TF,France,FR
55.54393506194689,-21.119825460665105,Réunion,RE,France,FR
55.47250789595527,-4.660002318822744,Seychelles,SC,Seychelles,SC
2.6558464719769135,28.350969744889056,Algeria,DZ,Algeria,DZ
2.305714528830206,9.503013199615893,Benin,BJ,Benin,BJ
12.948474142398263,6.294168487480992,Cameroon,CM,Cameroon,CM
20.520743419397256,6.331390033944319,Central African Republic,CF,Central African Republic,CF
18.427113900363025,15.283493546654503,Chad,TD,Chad,TD
10.425456672353823,1.5954643936590733,Equatorial Guinea,GQ,Equatorial Guinea,GQ
-157.39024189323504,1.8676673749241066,Kiribati,KI,Kiribati,KI
17.91133392454237,27.202915771690794,Libya,LY,Libya,LY
14.441922442508494,35.890522650899314,Malta,MT,Malta,MT
8.86863247002646,17.08105392407292,Niger,NE,Niger,NE
8.147714845256194,9.61029352034213,Nigeria,NG,Nigeria,NG
0.8990857571109684,8.660743037717811,Togo,TG,Togo,TG
9.65587551697984,34.08636179565723,Tunisia,TN,Tunisia,TN
33.375346009199205,35.11700416345239,Cyprus,CY,Cyprus,CY
42.613496898789506,11.750235727618804,Djibouti,DJ,Djibouti,DJ
30.240135435012338,26.60517034450628,Egypt,EG,Egypt,EG
39.2672401449901,15.005533147667684,Eritrea,ER,Eritrea,ER
39.914902886544276,8.729389557048396,Ethiopia,ET,Ethiopia,ET
23.110368936161876,39.42012261727978,Greece,GR,Greece,GR
43.832529181056884,33.105075667527906,Iraq,IQ,Iraq,IQ
35.027923472437024,31.513542220043195,Israel,IL,Israel,IL
36.95728884547246,31.387064884449156,Jordan,JO,Jordan,JO
35.89651946324749,33.91160170722086,Lebanon,LB,Lebanon,LB
35.24251184154588,31.930818736453883,Palestinian Territory,PS,Palestinian Territory,PS
30.3851856901788,7.657782041763295,South Sudan,SS,South Sudan,SS
29.951458283594064,15.67060230984256,Sudan,SD,Sudan,SD
38.5117323139514,35.09751106058316,Syria,SY,Syria,SY
35.56886764076691,38.93207363123396,Turkey,TR,Turkey,TR
32.34371768463123,1.2821729218416205,Uganda,UG,Uganda,UG
1.5802243611232873,42.54859834854764,Andorra,AD,Andorra,AD
-96.33161660829639,38.8208089190304,United States,US,United States,US
2.1940236627886227,46.6423682169416,France,FR,France,FR
9.547674672376376,47.14627562133036,Liechtenstein,LI,Liechtenstein,LI
7.412820873271196,43.74798224995656,Monaco,MC,Monaco,MC
8.286928794895285,46.73678128684938,Switzerland,CH,Switzerland,CH
4.675010154696485,50.6182138854095,Belgium,BE,Belgium,BE
10.426171427430804,51.08304539800482,Germany,DE,Germany,DE
6.103230338458876,49.77523454542369,Luxembourg,LU,Luxembourg,LU
5.554136426128487,52.134054128923886,Netherlands,NL,Netherlands,NL
20.061082767269493,41.14165894891656,Albania,AL,Albania,AL
13.797778364631036,47.631858269895794,Austria,AT,Austria,AT
17.83467240787538,44.14415356126429,Bosnia and Herzegovina,BA,Bosnia and Herzegovina,BA
16.625761129583374,44.91192100856702,Croatia,HR,Croatia,HR
15.383273292023533,49.74917370930982,Czech Republic,CZ,Czech Republic,CZ
9.378670542409406,56.00118817971057,Denmark,DK,Denmark,DK
19.39620048366142,47.22527332486294,Hungary,HU,Hungary,HU
12.763657166123137,42.98201127614267,Italy,IT,Italy,IT
19.29505087156758,42.73694835210454,Montenegro,ME,Montenegro,ME
19.43573279234468,52.06848055692473,Poland,PL,Poland,PL
12.461278349581722,43.942820729097896,San Marino,SM,San Marino,SM
20.85677444395745,44.02679870131969,Serbia,RS,Serbia,RS
19.581015362490966,48.69808390520484,Slovakia,SK,Slovakia,SK
14.890636899973781,46.13759229564504,Slovenia,SI,Slovenia,SI
21.70998923872772,41.59402890143112,North Macedonia,MK,North Macedonia,MK
12.451312917026133,41.90402351316735,Vatican City,VA,Vatican City,VA
16.670259272390894,64.97775882947745,Norway,NO,Norway,NO
17.062431988004956,62.73420986108448,Sweden,SE,Sweden,SE
27.964252054715104,53.46791374543163,Belarus,BY,Belarus,BY
25.251739122561908,42.82043677302438,Bulgaria,BG,Bulgaria,BG
25.916870250633806,58.648108311231034,Estonia,EE,Estonia,EE
25.65738433454702,65.01578959749911,Finland,FI,Finland,FI
43.378866534112234,42.17986277737226,Georgia,GE,Georgia,GE
24.693671325654403,56.813853047554154,Latvia,LV,Latvia,LV
23.946021605013534,55.29437393417175,Lithuania,LT,Lithuania,LT
28.391111865941348,47.0725674580696,Moldova,MD,Moldova,MD
25.094158201563292,45.82454894397586,Romania,RO,Romania,RO
31.27377208442636,48.657532515563794,Ukraine,UA,Ukraine,UA
66.59216131095278,34.13402601376932,Afghanistan,AF,Afghanistan,AF
50.540695402276775,26.04798501537066,Bahrain,BH,Bahrain,BH
81.17300408530181,23.586300567746722,India,IN,India,IN
54.237077001065444,32.906023742890056,Iran,IR,Iran,IR
47.56311109320184,29.281360965443092,Kuwait,KW,Kuwait,KW
73.10076245140479,-0.6065577168009924,Maldives,MV,Maldives,MV
84.1338898313567,28.300920699755657,Nepal,NP,Nepal,NP
55.841088119829,20.7242833183209,Oman,OM,Oman,OM
69.08835090769651,30.116188371410882,Pakistan,PK,Pakistan,PK
51.19794918743203,25.318528486425386,Qatar,QA,Qatar,QA
44.600958178225596,24.136038144757897,Saudi Arabia,SA,Saudi Arabia,SA
45.40037867243972,6.524534573103924,Somalia,SO,Somalia,SO
80.66931169770622,7.696630939329944,Sri Lanka,LK,Sri Lanka,LK
70.94215281065698,38.56933138382972,Tajikistan,TJ,Tajikistan,TJ
58.4577357627054,39.06069118001429,Turkmenistan,TM,Turkmenistan,TM
54.27920525789581,24.18250292309135,United Arab Emirates,AE,United Arab Emirates,AE
47.46815793206386,16.001392616307445,Yemen,YE,Yemen,YE
45.05490831965259,40.17841274230679,Armenia,AM,Armenia,AM
48.634592670644324,40.3920509942049,Azerbaijan,AZ,Azerbaijan,AZ
66.3759193479301,47.641465195176835,Kazakhstan,KZ,Kazakhstan,KZ
74.17532903468319,41.35698905438358,Kyrgyzstan,KG,Kyrgyzstan,KG
63.8548297593985,41.4879065244633,Uzbekistan,UZ,Uzbekistan,UZ
105.70209512200549,-10.446440802183416,Christmas Island,CX,Australia,AU
96.83688767323002,-12.171249450199545,Cocos Islands,CC,Australia,AU
113.96538246847302,0.15591979959037652,Indonesia,ID,Indonesia,ID
125.95024049562659,-8.809894630601962,Timor-Leste,TL,Timor-Leste,TL
134.02277170916162,-25.697337673983082,Australia,AU,Australia,AU
166.92937633139178,-0.5221021440668993,Nauru,NR,Nauru,NR
165.50767040438612,-21.33003372660827,New Caledonia,NC,France,FR
167.95259597483337,-29.037654445046282,Norfolk Island,NF,Australia,AU
144.8348942994695,-7.156912819152135,Papua New Guinea,PG,Papua New Guinea,PG
160.16475795033884,-9.613104734596515,Solomon Islands,SB,Solomon Islands,SB
179.217833977593,-8.514701506447222,Tuvalu,TV,Tuvalu,TV
166.84912735669738,-15.189132121699332,Vanuatu,VU,Vanuatu,VU
105.03973078680701,12.699186865507775,Cambodia,KH,Cambodia,KH
103.76375899026448,18.117282736873282,Laos,LA,Laos,LA
114.63330303992869,3.6716608556387857,Malaysia,MY,Malaysia,MY
97.08892285397344,19.901227931399873,Myanmar,MM,Myanmar,MM
103.81025757634053,1.3528251890006349,Singapore,SG,Singapore,SG
101.08675116214552,13.66222784745538,Thailand,TH,Thailand,TH
105.91338832758704,16.517347170839393,Vietnam,VN,Vietnam,VN
90.43212562608613,23.673728665121,Bangladesh,BD,Bangladesh,BD
90.46716647173861,27.42163933959824,Bhutan,BT,Bhutan,BT
104.69113855849604,38.07325481105728,China,CN,China,CN
114.6430958360464,4.543205889917609,Brunei Darussalam,BN,Brunei Darussalam,BN
121.82208941416745,15.586542251094242,Philippines,PH,Philippines,PH
127.76224551357649,36.402386712544114,South Korea,KR,South Korea,KR
103.3987360327455,47.08644454604851,Mongolia,MN,Mongolia,MN
127.3379805653744,40.19198091470839,North Korea,KP,North Korea,KP
144.78024458298802,13.445430479945276,Guam,GU,United States,US
137.46934234351835,36.76738832597829,Japan,JP,Japan,JP
168.72016025351076,7.307929900994344,Marshall Islands,MH,Marshall Islands,MH
158.2291899444527,6.8789448129255435,Micronesia,FM,Micronesia,FM
145.74119737203134,15.178063516432115,Northern Mariana Islands,MP,United States,US
134.57965086721052,7.534775852547396,Palau,PW,Palau,PW
98.6704990698032,59.039434214106194,Russian Federation,RU,Russian Federation,RU
-3.6516251409956983,40.365008336683836,Spain,ES,Spain,ES
-16.53799441021647,28.297665106525546,Canarias,ES,Spain,ES